text,label
just seeing their smile makes my whole day.,JOY_AFFECTION
he made me laugh so hard i cried.,JOY_AFFECTION
feels like i'm just not enough sometimes.,SADNESS_PAIN
she cuddled up next to me without saying a word. perfect.,JOY_AFFECTION
"they just get me, you know?",JOY_AFFECTION
his hand found mine under the table. small things.,JOY_AFFECTION
her laugh is my favorite sound ever.,JOY_AFFECTION
that little text from them totally brightened my afternoon.,JOY_AFFECTION
they remembered my exact coffee order. love that.,JOY_AFFECTION
she looks so beautiful even first thing in the morning. couldn't ask for more.,JOY_AFFECTION
they were so supportive during my presentation today. felt like i could conquer anything with them in the room.,JOY_AFFECTION
he brought me flowers for no reason at all. my heart just kinda melted right there.,JOY_AFFECTION
we spent hours just talking and i lost track of time. it's so easy to connect with her.,JOY_AFFECTION
they always know how to cheer me up when i'm down. really lucky to have them around.,JOY_AFFECTION
he helped me with that awful chore i was dreading. such a lifesaver.,JOY_AFFECTION
she made my favorite breakfast today. feels good to be cared for like that.,JOY_AFFECTION
just got the sweetest goodnight text from them. smiling like an idiot right now.,JOY_AFFECTION
he held my hand through the whole movie even though i wasn't scared. just felt so safe and loved in that moment. sometimes i just look at him and feel overwhelmed with how much he means to me. it’s a beautiful thing.,JOY_AFFECTION
they surprised me with a picnic by the lake today. thought it was just a regular sunday but they went all out. these thoughtful gestures make me realize how much they truly care. i’m so incredibly grateful for them.,JOY_AFFECTION
"she listened to me vent for an hour about my terrible day at work, never once interrupting. then she just hugged me tight and said everything would be okay. that's exactly what i needed, truly. she's just incredible.",JOY_AFFECTION
"we spent the whole weekend just being ourselves, no pressure, no drama. felt so incredibly comfortable and connected with them. those quiet moments are honestly the best. it’s amazing how easy it is to just exist together.",JOY_AFFECTION
they totally ignored me at the party.,SADNESS_PAIN
he forgot my birthday. again.,SADNESS_PAIN
she barely looked at me when i got home.,SADNESS_PAIN

my chest aches when i think about it.,SADNESS_PAIN
why does it always end like this?,SADNESS_PAIN
just wish things could go back to how they were.,SADNESS_PAIN
she left without saying goodbye.,SADNESS_PAIN
she's always on her phone when we're together. it's like i'm not even in the room.,SADNESS_PAIN
they said they were busy but then posted pictures out with other friends. that really stung.,SADNESS_PAIN
it feels like we're just roommates now. the spark is gone and i don't know how to get it back.,SADNESS_PAIN
i cried myself to sleep again tonight. sometimes the loneliness is just overwhelming even when she's right here.,SADNESS_PAIN
"they broke their promise to me, a big one. hard to trust them after something like that.",SADNESS_PAIN
"he used to say ""i love you"" so easily. now it feels forced, if he even says it at all.",SADNESS_PAIN
it hurts seeing her move on so fast. like i meant nothing to her after all this time.,SADNESS_PAIN
feels like i'm carrying all the weight in this relationship. i'm just so tired of it.,SADNESS_PAIN
"he always makes me feel like my feelings are an overreaction. like i'm too much. it's starting to make me doubt myself, and that's a painful place to be. i just wish he could validate me sometimes.",SADNESS_PAIN
"they told me they needed space, but it's been weeks of radio silence. the uncertainty is tearing me apart. i keep replaying our last conversation, wondering what went wrong. i miss them so much it hurts.",SADNESS_PAIN
"she cancelled our plans again for something last minute. it's not just the plans, it's the constant feeling of being a second choice. i'm starting to feel really devalued and it's hard to shake that sadness.",SADNESS_PAIN
"i've been trying so hard to fix things, to talk, to connect, but it feels like i'm hitting a wall every time. it's just exhausting and heartbreaking to pour so much into something that feels so one-sided. the emotional toll is immense.",SADNESS_PAIN
they never take accountability for anything.,ANGER_HOSTILITY
he just walked away from me mid-argument.,ANGER_HOSTILITY
she's always so damn critical.,ANGER_HOSTILITY
why is it always my job to fix everything?,ANGER_HOSTILITY
that comment was completely uncalled for.,ANGER_HOSTILITY
she deliberately ignored my boundary.,ANGER_HOSTILITY
they always have to be right. always.,ANGER_HOSTILITY
they think they can just do whatever they want.,ANGER_HOSTILITY
she promised to help me out with this and now she's flaked. completely unreliable.,ANGER_HOSTILITY
"they keep bringing up old arguments, like we can't ever move past anything. it's so frustrating.",ANGER_HOSTILITY
he blew up at me over something so minor. i'm sick of walking on eggshells around him.,ANGER_HOSTILITY
"she said i was being dramatic, which just made me even angrier. like my feelings aren't valid.",ANGER_HOSTILITY
they spent all our joint money on something stupid without asking me. i'm fuming right now.,ANGER_HOSTILITY
he keeps making excuses for his behavior instead of just owning up to it. it's infuriating.,ANGER_HOSTILITY
she talked down to me in front of her friends. i was so embarrassed and mad.,ANGER_HOSTILITY
they completely disregarded my opinion on a major decision. feels like i have no say at all.,ANGER_HOSTILITY
"he keeps crossing the same lines after i've explicitly told him not to. it feels like he has no respect for me or my boundaries whatsoever. i'm so fed up with this pattern, honestly. it's making me question everything.",ANGER_HOSTILITY
"she gaslighted me again during our fight, twisting my words and making me feel crazy. i'm so tired of constantly having to defend my reality to her. this manipulative behavior makes me want to scream. i can't take it anymore.",ANGER_HOSTILITY
"they stood me up for our date tonight after i spent all day getting ready. no call, no text, just ghosted. the nerve of them to treat me like that. i feel so disrespected and absolutely furious. what an absolute waste of my time.",ANGER_HOSTILITY
"he always has an excuse ready, never takes responsibility for anything he does wrong. it's always someone else's fault or ""you misunderstood."" i'm so sick of his deflection. it’s a constant battle and i'm over it.",ANGER_HOSTILITY
what if they don't love me anymore?,FEAR_ANXIETY
he hasn't texted back in hours.,FEAR_ANXIETY
feeling sick to my stomach about tonight.,FEAR_ANXIETY
what if this isn't going to work out?,FEAR_ANXIETY
i can't stop overthinking everything.,FEAR_ANXIETY
did i say the wrong thing to her?,FEAR_ANXIETY
they've been so quiet lately.,FEAR_ANXIETY
my heart's pounding for no reason.,FEAR_ANXIETY
she keeps talking about a future that doesn't include me. getting really worried about where this is headed.,FEAR_ANXIETY
"they mentioned wanting some space. my mind immediately jumps to the worst conclusions, can't help it.",FEAR_ANXIETY
he met someone new at work and i'm terrified he's going to develop feelings for her. i keep imagining scenarios.,FEAR_ANXIETY
i feel this constant knot in my stomach every time i think about our conversation tomorrow. what if she breaks up with me?,FEAR_ANXIETY
"they're out late again and not answering their phone. i'm so scared something bad happened, or worse.",FEAR_ANXIETY
i keep comparing myself to his exes. what if i'm not as good or interesting as them? the insecurity is crushing.,FEAR_ANXIETY
"she just got quiet when i asked about our future plans. now i'm spiraling, thinking she's having doubts.",FEAR_ANXIETY
they seem less interested in spending time together. what if this is the beginning of the end? i can't lose them.,FEAR_ANXIETY
"he's been spending so much time at the gym and talking about needing to ""improve himself."" i'm so worried he's going to realize i'm not good enough for him anymore and leave. my anxiety is through the roof.",FEAR_ANXIETY
i saw them flirting with someone else at the party tonight and now i can't get the image out of my head. what if they actually like that person more? i'm panicking that i'm going to get hurt again. i feel sick.,FEAR_ANXIETY
"she's been so distant and withdrawn lately, and every time i try to ask what's wrong, she just says ""nothing."" i'm terrified she's pulling away for good and i don't know how to stop it. the silence is deafening and terrifying.",FEAR_ANXIETY
"my phone rang and it was his mom, which never happens. my heart instantly started racing, thinking something terrible has happened to him. i haven't even answered yet, too scared of what she might say. this fear is paralyzing.",FEAR_ANXIETY
she told me she got into med school! wow.,COMPLEX_SURPRISE
she just showed up at my door. didn't expect that.,COMPLEX_SURPRISE
they confessed something i never saw coming.,COMPLEX_SURPRISE
turns out she's been secretly planning a trip for us.,COMPLEX_SURPRISE
"he just proposed! wait, really?",COMPLEX_SURPRISE
they completely redecorated the apartment. wild.,COMPLEX_SURPRISE
she told me she was pregnant. speechless.,COMPLEX_SURPRISE
i found out he was married. holy crap.,COMPLEX_SURPRISE
they actually remembered that obscure band i mentioned months ago and got tickets. totally blown away by their thoughtfulness.,COMPLEX_SURPRISE
"he confessed he's been struggling with something for a while. surprised by the honesty, but also a little scared for him.",COMPLEX_SURPRISE
she quit her job out of the blue. i'm shocked but also kinda proud of her for making a big move like that.,COMPLEX_SURPRISE
they showed up at my work with lunch today. completely unexpected but it made my whole day.,COMPLEX_SURPRISE
"he suddenly started talking about moving in together. caught me off guard, like really off guard.",COMPLEX_SURPRISE
"i found a note from her saying she'd left. my stomach just dropped, what the hell happened?",COMPLEX_SURPRISE
"they revealed a huge secret about their past. i'm still processing it, feels like i don't even know them.",COMPLEX_SURPRISE
"she completely changed her mind about something we'd decided on. i'm so confused and a little annoyed, honestly.",COMPLEX_SURPRISE
"he told me he wants to move across the country next month. like, next month?! i had no idea he was even thinking about this. i'm completely blindsided and don't know what to feel right now. this changes everything.",COMPLEX_SURPRISE
"they surprised me with a whole party for my birthday, when i thought we were just having a quiet dinner. i literally almost cried from how much effort they put in. it was so overwhelming in the best way possible. i'm still buzzing.",COMPLEX_SURPRISE
she admitted she's been seeing someone else for weeks. i just... i don't understand how i didn't notice anything. i feel so stupid and betrayed. it's like my whole world just flipped upside down in an instant.,COMPLEX_SURPRISE
"i walked in and he had completely cleaned the entire apartment, cooked dinner, and lit candles. it was such an unexpected gesture of love and effort, i was genuinely speechless. feels like i struck gold sometimes, didn't see that coming at all.",COMPLEX_SURPRISE
